{"stats":{"minecraft:mined":{"minecraft:coal_ore":5,"minecraft:spruce_leaves":1,"minecraft:spruce_log":6,"minecraft:stone":6,"minecraft:andesite":1},"minecraft:used":{"minecraft:crafting_table":1,"minecraft:stone_pickaxe":7,"minecraft:wooden_pickaxe":5,"alexsmobs:animal_dictionary":1},"minecraft:custom":{"minecraft:time_since_rest":5754,"minecraft:crouch_one_cm":227,"minecraft:sprint_one_cm":8232,"minecraft:play_time":5754,"minecraft:damage_taken":20,"minecraft:walk_one_cm":3980,"minecraft:sneak_time":155,"minecraft:jump":70,"minecraft:time_since_death":5754,"minecraft:leave_game":2,"minecraft:total_world_time":5754,"minecraft:interact_with_crafting_table":2,"minecraft:fall_one_cm":2734,"minecraft:fly_one_cm":13681},"minecraft:picked_up":{"minecraft:andesite":1,"minecraft:spruce_sapling":1,"minecraft:spruce_log":6,"minecraft:coal":5,"minecraft:cobblestone":6},"minecraft:crafted":{"minecraft:crafting_table":1,"minecraft:spruce_planks":24,"minecraft:stick":4,"minecraft:wooden_pickaxe":1,"minecraft:stone_pickaxe":1}},"DataVersion":3465}